seq,frame_num,cam_view,gait_event,dataset,gait_pat,bbox,vid_info,id,url
cljaqz2zx00b33n6lrn4zn4tq,1015,left side,,Abnormal Gait,abnormal,"{'top': 142.0, 'left': 1004.0, 'height': 431.0, 'width': 163.0}","{'height': 720, 'width': 1280, 'mime_type': 'video/mp4'}",Q98WKpwIpkE,https://www.youtube.com/watch?v=Q98WKpwIpkE
cljaqz2zx00b33n6lrn4zn4tq,1016,left side,,Abnormal Gait,abnormal,"{'top': 137.0, 'left': 1001.625, 'height': 440.625, 'width': 168.375}","{'height': 720, 'width': 1280, 'mime_type': 'video/mp4'}",Q98WKpwIpkE,https://www.youtube.com/watch?v=Q98WKpwIpkE
cljaqz2zx00b33n6lrn4zn4tq,1017,left side,,Abnormal Gait,abnormal,"{'top': 132.0, 'left': 999.25, 'height': 450.25, 'width': 173.75}","{'height': 720, 'width': 1280, 'mime_type': 'video/mp4'}",Q98WKpwIpkE,https://www.youtube.com/watch?v=Q98WKpwIpkE
cljaqz2zx00b33n6lrn4zn4tq,1018,left side,,Abnormal Gait,abnormal,"{'top': 127.0, 'left': 996.875, 'height': 459.875, 'width': 179.125}","{'height': 720, 'width': 1280, 'mime_type': 'video/mp4'}",Q98WKpwIpkE,https://www.youtube.com/watch?v=Q98WKpwIpkE
cljaqz2zx00b33n6lrn4zn4tq,1019,left side,,Abnormal Gait,abnormal,"{'top': 122.0, 'left': 994.5, 'height': 469.5, 'width': 184.5}","{'height': 720, 'width': 1280, 'mime_type': 'video/mp4'}",Q98WKpwIpkE,https://www.youtube.com/watch?v=Q98WKpwIpkE
cljaqz2zx00b33n6lrn4zn4tq,1020,left side,,Abnormal Gait,abnormal,"{'top': 117.0, 'left': 992.125, 'height': 479.125, 'width': 189.875}","{'height': 720, 'width': 1280, 'mime_type': 'video/mp4'}",Q98WKpwIpkE,https://www.youtube.com/watch?v=Q98WKpwIpkE
cljaqz2zx00b33n6lrn4zn4tq,1021,left side,,Abnormal Gait,abnormal,"{'top': 112.0, 'left': 989.75, 'height': 488.75, 'width': 195.25}","{'height': 720, 'width': 1280, 'mime_type': 'video/mp4'}",Q98WKpwIpkE,https://www.youtube.com/watch?v=Q98WKpwIpkE
cljaqz2zx00b33n6lrn4zn4tq,1022,left side,,Abnormal Gait,abnormal,"{'top': 107.0, 'left': 987.375, 'height': 498.375, 'width': 200.625}","{'height': 720, 'width': 1280, 'mime_type': 'video/mp4'}",Q98WKpwIpkE,https://www.youtube.com/watch?v=Q98WKpwIpkE
cljaqz2zx00b33n6lrn4zn4tq,1023,left side,,Abnormal Gait,abnormal,"{'top': 102.0, 'left': 985.0, 'height': 508.0, 'width': 206.0}","{'height': 720, 'width': 1280, 'mime_type': 'video/mp4'}",Q98WKpwIpkE,https://www.youtube.com/watch?v=Q98WKpwIpkE
cljaqz2zx00b33n6lrn4zn4tq,1024,left side,,Abnormal Gait,abnormal,"{'top': 101.33333333333333, 'left': 983.8888888888889, 'height': 511.11111111111114, 'width': 211.33333333333326}","{'height': 720, 'width': 1280, 'mime_type': 'video/mp4'}",Q98WKpwIpkE,https://www.youtube.com/watch?v=Q98WKpwIpkE
cljaqz2zx00b33n6lrn4zn4tq,1025,left side,,Abnormal Gait,abnormal,"{'top': 100.66666666666667, 'left': 982.7777777777778, 'height': 514.2222222222223, 'width': 216.66666666666652}","{'height': 720, 'width': 1280, 'mime_type': 'video/mp4'}",Q98WKpwIpkE,https://www.youtube.com/watch?v=Q98WKpwIpkE
cljaqz2zx00b33n6lrn4zn4tq,1026,left side,,Abnormal Gait,abnormal,"{'top': 100.0, 'left': 981.6666666666666, 'height': 517.3333333333334, 'width': 222.0000000000001}","{'height': 720, 'width': 1280, 'mime_type': 'video/mp4'}",Q98WKpwIpkE,https://www.youtube.com/watch?v=Q98WKpwIpkE
cljaqz2zx00b33n6lrn4zn4tq,1027,left side,,Abnormal Gait,abnormal,"{'top': 99.33333333333333, 'left': 980.5555555555555, 'height': 520.4444444444445, 'width': 227.33333333333337}","{'height': 720, 'width': 1280, 'mime_type': 'video/mp4'}",Q98WKpwIpkE,https://www.youtube.com/watch?v=Q98WKpwIpkE
cljaqz2zx00b33n6lrn4zn4tq,1028,left side,,Abnormal Gait,abnormal,"{'top': 98.66666666666667, 'left': 979.4444444444445, 'height': 523.5555555555555, 'width': 232.66666666666663}","{'height': 720, 'width': 1280, 'mime_type': 'video/mp4'}",Q98WKpwIpkE,https://www.youtube.com/watch?v=Q98WKpwIpkE
cljaqz2zx00b33n6lrn4zn4tq,1029,left side,,Abnormal Gait,abnormal,"{'top': 98.0, 'left': 978.3333333333334, 'height': 526.6666666666666, 'width': 237.9999999999999}","{'height': 720, 'width': 1280, 'mime_type': 'video/mp4'}",Q98WKpwIpkE,https://www.youtube.com/watch?v=Q98WKpwIpkE
cljaqz2zx00b33n6lrn4zn4tq,1030,left side,,Abnormal Gait,abnormal,"{'top': 97.33333333333333, 'left': 977.2222222222222, 'height': 529.7777777777777, 'width': 243.33333333333348}","{'height': 720, 'width': 1280, 'mime_type': 'video/mp4'}",Q98WKpwIpkE,https://www.youtube.com/watch?v=Q98WKpwIpkE
cljaqz2zx00b33n6lrn4zn4tq,1031,left side,,Abnormal Gait,abnormal,"{'top': 96.66666666666667, 'left': 976.1111111111111, 'height': 532.8888888888889, 'width': 248.66666666666674}","{'height': 720, 'width': 1280, 'mime_type': 'video/mp4'}",Q98WKpwIpkE,https://www.youtube.com/watch?v=Q98WKpwIpkE
cljaqz2zx00b33n6lrn4zn4tq,1032,left side,,Abnormal Gait,abnormal,"{'top': 96.0, 'left': 975.0, 'height': 536.0, 'width': 254.0}","{'height': 720, 'width': 1280, 'mime_type': 'video/mp4'}",Q98WKpwIpkE,https://www.youtube.com/watch?v=Q98WKpwIpkE
cljaqz2zx00b33n6lrn4zn4tq,1033,left side,,Abnormal Gait,abnormal,"{'top': 90.8, 'left': 975.0, 'height': 540.4000000000001, 'width': 258.5999999999999}","{'height': 720, 'width': 1280, 'mime_type': 'video/mp4'}",Q98WKpwIpkE,https://www.youtube.com/watch?v=Q98WKpwIpkE
cljaqz2zx00b33n6lrn4zn4tq,1034,left side,,Abnormal Gait,abnormal,"{'top': 85.6, 'left': 975.0, 'height': 544.8, 'width': 263.20000000000005}","{'height': 720, 'width': 1280, 'mime_type': 'video/mp4'}",Q98WKpwIpkE,https://www.youtube.com/watch?v=Q98WKpwIpkE
cljaqz2zx00b33n6lrn4zn4tq,1035,left side,,Abnormal Gait,abnormal,"{'top': 80.4, 'left': 975.0, 'height': 549.2, 'width': 267.79999999999995}","{'height': 720, 'width': 1280, 'mime_type': 'video/mp4'}",Q98WKpwIpkE,https://www.youtube.com/watch?v=Q98WKpwIpkE
cljaqz2zx00b33n6lrn4zn4tq,1036,left side,,Abnormal Gait,abnormal,"{'top': 75.2, 'left': 975.0, 'height': 553.5999999999999, 'width': 272.4000000000001}","{'height': 720, 'width': 1280, 'mime_type': 'video/mp4'}",Q98WKpwIpkE,https://www.youtube.com/watch?v=Q98WKpwIpkE
cljaqz2zx00b33n6lrn4zn4tq,1037,left side,,Abnormal Gait,abnormal,"{'top': 70.0, 'left': 975.0, 'height': 558.0, 'width': 277.0}","{'height': 720, 'width': 1280, 'mime_type': 'video/mp4'}",Q98WKpwIpkE,https://www.youtube.com/watch?v=Q98WKpwIpkE
cljaqz2zx00b33n6lrn4zn4tq,1038,left side,,Abnormal Gait,abnormal,"{'top': 70.85714285714286, 'left': 966.4285714285714, 'height': 563.0, 'width': 283.9999999999999}","{'height': 720, 'width': 1280, 'mime_type': 'video/mp4'}",Q98WKpwIpkE,https://www.youtube.com/watch?v=Q98WKpwIpkE
cljaqz2zx00b33n6lrn4zn4tq,1039,left side,,Abnormal Gait,abnormal,"{'top': 71.71428571428571, 'left': 957.8571428571429, 'height': 568.0, 'width': 291.0}","{'height': 720, 'width': 1280, 'mime_type': 'video/mp4'}",Q98WKpwIpkE,https://www.youtube.com/watch?v=Q98WKpwIpkE
cljaqz2zx00b33n6lrn4zn4tq,1040,left side,,Abnormal Gait,abnormal,"{'top': 72.57142857142857, 'left': 949.2857142857143, 'height': 573.0, 'width': 297.9999999999999}","{'height': 720, 'width': 1280, 'mime_type': 'video/mp4'}",Q98WKpwIpkE,https://www.youtube.com/watch?v=Q98WKpwIpkE
cljaqz2zx00b33n6lrn4zn4tq,1041,left side,,Abnormal Gait,abnormal,"{'top': 73.42857142857143, 'left': 940.7142857142857, 'height': 578.0, 'width': 305.0000000000001}","{'height': 720, 'width': 1280, 'mime_type': 'video/mp4'}",Q98WKpwIpkE,https://www.youtube.com/watch?v=Q98WKpwIpkE
cljaqz2zx00b33n6lrn4zn4tq,1042,left side,,Abnormal Gait,abnormal,"{'top': 74.28571428571429, 'left': 932.1428571428571, 'height': 583.0, 'width': 312.0}","{'height': 720, 'width': 1280, 'mime_type': 'video/mp4'}",Q98WKpwIpkE,https://www.youtube.com/watch?v=Q98WKpwIpkE
cljaqz2zx00b33n6lrn4zn4tq,1043,left side,,Abnormal Gait,abnormal,"{'top': 75.14285714285714, 'left': 923.5714285714286, 'height': 588.0, 'width': 319.0000000000001}","{'height': 720, 'width': 1280, 'mime_type': 'video/mp4'}",Q98WKpwIpkE,https://www.youtube.com/watch?v=Q98WKpwIpkE
cljaqz2zx00b33n6lrn4zn4tq,1044,left side,,Abnormal Gait,abnormal,"{'top': 76.0, 'left': 915.0, 'height': 593.0, 'width': 326.0}","{'height': 720, 'width': 1280, 'mime_type': 'video/mp4'}",Q98WKpwIpkE,https://www.youtube.com/watch?v=Q98WKpwIpkE
cljaqz2zx00b33n6lrn4zn4tq,1045,left side,,Abnormal Gait,abnormal,"{'top': 72.66666666666667, 'left': 914.5555555555555, 'height': 596.8888888888889, 'width': 326.55555555555554}","{'height': 720, 'width': 1280, 'mime_type': 'video/mp4'}",Q98WKpwIpkE,https://www.youtube.com/watch?v=Q98WKpwIpkE
cljaqz2zx00b33n6lrn4zn4tq,1046,left side,,Abnormal Gait,abnormal,"{'top': 69.33333333333333, 'left': 914.1111111111111, 'height': 600.7777777777777, 'width': 327.1111111111111}","{'height': 720, 'width': 1280, 'mime_type': 'video/mp4'}",Q98WKpwIpkE,https://www.youtube.com/watch?v=Q98WKpwIpkE
cljaqz2zx00b33n6lrn4zn4tq,1047,left side,,Abnormal Gait,abnormal,"{'top': 66.0, 'left': 913.6666666666666, 'height': 604.6666666666666, 'width': 327.66666666666663}","{'height': 720, 'width': 1280, 'mime_type': 'video/mp4'}",Q98WKpwIpkE,https://www.youtube.com/watch?v=Q98WKpwIpkE
cljaqz2zx00b33n6lrn4zn4tq,1048,left side,,Abnormal Gait,abnormal,"{'top': 62.66666666666667, 'left': 913.2222222222222, 'height': 608.5555555555555, 'width': 328.2222222222222}","{'height': 720, 'width': 1280, 'mime_type': 'video/mp4'}",Q98WKpwIpkE,https://www.youtube.com/watch?v=Q98WKpwIpkE
cljaqz2zx00b33n6lrn4zn4tq,1049,left side,,Abnormal Gait,abnormal,"{'top': 59.33333333333333, 'left': 912.7777777777778, 'height': 612.4444444444445, 'width': 328.7777777777778}","{'height': 720, 'width': 1280, 'mime_type': 'video/mp4'}",Q98WKpwIpkE,https://www.youtube.com/watch?v=Q98WKpwIpkE
cljaqz2zx00b33n6lrn4zn4tq,1050,left side,,Abnormal Gait,abnormal,"{'top': 56.0, 'left': 912.3333333333334, 'height': 616.3333333333334, 'width': 329.33333333333337}","{'height': 720, 'width': 1280, 'mime_type': 'video/mp4'}",Q98WKpwIpkE,https://www.youtube.com/watch?v=Q98WKpwIpkE
cljaqz2zx00b33n6lrn4zn4tq,1051,left side,,Abnormal Gait,abnormal,"{'top': 52.66666666666667, 'left': 911.8888888888889, 'height': 620.2222222222223, 'width': 329.8888888888889}","{'height': 720, 'width': 1280, 'mime_type': 'video/mp4'}",Q98WKpwIpkE,https://www.youtube.com/watch?v=Q98WKpwIpkE
cljaqz2zx00b33n6lrn4zn4tq,1052,left side,,Abnormal Gait,abnormal,"{'top': 49.333333333333336, 'left': 911.4444444444445, 'height': 624.1111111111111, 'width': 330.44444444444446}","{'height': 720, 'width': 1280, 'mime_type': 'video/mp4'}",Q98WKpwIpkE,https://www.youtube.com/watch?v=Q98WKpwIpkE
cljaqz2zx00b33n6lrn4zn4tq,1053,left side,,Abnormal Gait,abnormal,"{'top': 46.0, 'left': 911.0, 'height': 628.0, 'width': 331.0}","{'height': 720, 'width': 1280, 'mime_type': 'video/mp4'}",Q98WKpwIpkE,https://www.youtube.com/watch?v=Q98WKpwIpkE
cljaqz2zx00b33n6lrn4zn4tq,1054,left side,,Abnormal Gait,abnormal,"{'top': 45.42857142857143, 'left': 904.8571428571429, 'height': 632.0, 'width': 336.1428571428571}","{'height': 720, 'width': 1280, 'mime_type': 'video/mp4'}",Q98WKpwIpkE,https://www.youtube.com/watch?v=Q98WKpwIpkE
cljaqz2zx00b33n6lrn4zn4tq,1055,left side,,Abnormal Gait,abnormal,"{'top': 44.857142857142854, 'left': 898.7142857142857, 'height': 636.0, 'width': 341.28571428571433}","{'height': 720, 'width': 1280, 'mime_type': 'video/mp4'}",Q98WKpwIpkE,https://www.youtube.com/watch?v=Q98WKpwIpkE
cljaqz2zx00b33n6lrn4zn4tq,1056,left side,,Abnormal Gait,abnormal,"{'top': 44.285714285714285, 'left': 892.5714285714286, 'height': 640.0, 'width': 346.42857142857144}","{'height': 720, 'width': 1280, 'mime_type': 'video/mp4'}",Q98WKpwIpkE,https://www.youtube.com/watch?v=Q98WKpwIpkE
cljaqz2zx00b33n6lrn4zn4tq,1057,left side,,Abnormal Gait,abnormal,"{'top': 43.714285714285715, 'left': 886.4285714285714, 'height': 644.0, 'width': 351.57142857142856}","{'height': 720, 'width': 1280, 'mime_type': 'video/mp4'}",Q98WKpwIpkE,https://www.youtube.com/watch?v=Q98WKpwIpkE
cljaqz2zx00b33n6lrn4zn4tq,1058,left side,,Abnormal Gait,abnormal,"{'top': 43.142857142857146, 'left': 880.2857142857143, 'height': 648.0, 'width': 356.71428571428567}","{'height': 720, 'width': 1280, 'mime_type': 'video/mp4'}",Q98WKpwIpkE,https://www.youtube.com/watch?v=Q98WKpwIpkE
cljaqz2zx00b33n6lrn4zn4tq,1059,left side,,Abnormal Gait,abnormal,"{'top': 42.57142857142857, 'left': 874.1428571428571, 'height': 652.0, 'width': 361.8571428571429}","{'height': 720, 'width': 1280, 'mime_type': 'video/mp4'}",Q98WKpwIpkE,https://www.youtube.com/watch?v=Q98WKpwIpkE
cljaqz2zx00b33n6lrn4zn4tq,1060,left side,,Abnormal Gait,abnormal,"{'top': 42.0, 'left': 868.0, 'height': 656.0, 'width': 367.0}","{'height': 720, 'width': 1280, 'mime_type': 'video/mp4'}",Q98WKpwIpkE,https://www.youtube.com/watch?v=Q98WKpwIpkE
cljaqz2zx00b33n6lrn4zn4tq,1061,left side,,Abnormal Gait,abnormal,"{'top': 38.6, 'left': 855.8, 'height': 658.1999999999999, 'width': 364.4000000000001}","{'height': 720, 'width': 1280, 'mime_type': 'video/mp4'}",Q98WKpwIpkE,https://www.youtube.com/watch?v=Q98WKpwIpkE
cljaqz2zx00b33n6lrn4zn4tq,1062,left side,,Abnormal Gait,abnormal,"{'top': 35.2, 'left': 843.6, 'height': 660.4, 'width': 361.80000000000007}","{'height': 720, 'width': 1280, 'mime_type': 'video/mp4'}",Q98WKpwIpkE,https://www.youtube.com/watch?v=Q98WKpwIpkE
cljaqz2zx00b33n6lrn4zn4tq,1063,left side,,Abnormal Gait,abnormal,"{'top': 31.8, 'left': 831.4, 'height': 662.6, 'width': 359.19999999999993}","{'height': 720, 'width': 1280, 'mime_type': 'video/mp4'}",Q98WKpwIpkE,https://www.youtube.com/watch?v=Q98WKpwIpkE
cljaqz2zx00b33n6lrn4zn4tq,1064,left side,,Abnormal Gait,abnormal,"{'top': 28.4, 'left': 819.2, 'height': 664.8000000000001, 'width': 356.5999999999999}","{'height': 720, 'width': 1280, 'mime_type': 'video/mp4'}",Q98WKpwIpkE,https://www.youtube.com/watch?v=Q98WKpwIpkE
cljaqz2zx00b33n6lrn4zn4tq,1065,left side,,Abnormal Gait,abnormal,"{'top': 25.0, 'left': 807.0, 'height': 667.0, 'width': 354.0}","{'height': 720, 'width': 1280, 'mime_type': 'video/mp4'}",Q98WKpwIpkE,https://www.youtube.com/watch?v=Q98WKpwIpkE
cljaqz2zx00b33n6lrn4zn4tq,1066,left side,,Abnormal Gait,abnormal,"{'top': 16.666666666666668, 'left': 811.0, 'height': 672.3333333333334, 'width': 350.66666666666674}","{'height': 720, 'width': 1280, 'mime_type': 'video/mp4'}",Q98WKpwIpkE,https://www.youtube.com/watch?v=Q98WKpwIpkE
cljaqz2zx00b33n6lrn4zn4tq,1067,left side,,Abnormal Gait,abnormal,"{'top': 8.333333333333336, 'left': 815.0, 'height': 677.6666666666666, 'width': 347.33333333333326}","{'height': 720, 'width': 1280, 'mime_type': 'video/mp4'}",Q98WKpwIpkE,https://www.youtube.com/watch?v=Q98WKpwIpkE
cljaqz2zx00b33n6lrn4zn4tq,1068,left side,,Abnormal Gait,abnormal,"{'top': 0.0, 'left': 819.0, 'height': 683.0, 'width': 344.0}","{'height': 720, 'width': 1280, 'mime_type': 'video/mp4'}",Q98WKpwIpkE,https://www.youtube.com/watch?v=Q98WKpwIpkE
cljaqz2zx00b33n6lrn4zn4tq,1069,left side,,Abnormal Gait,abnormal,"{'top': 0.0, 'left': 822.8, 'height': 680.2, 'width': 339.60000000000014}","{'height': 720, 'width': 1280, 'mime_type': 'video/mp4'}",Q98WKpwIpkE,https://www.youtube.com/watch?v=Q98WKpwIpkE
cljaqz2zx00b33n6lrn4zn4tq,1070,left side,,Abnormal Gait,abnormal,"{'top': 0.0, 'left': 826.6, 'height': 677.4, 'width': 335.19999999999993}","{'height': 720, 'width': 1280, 'mime_type': 'video/mp4'}",Q98WKpwIpkE,https://www.youtube.com/watch?v=Q98WKpwIpkE
cljaqz2zx00b33n6lrn4zn4tq,1071,left side,,Abnormal Gait,abnormal,"{'top': 0.0, 'left': 830.4, 'height': 674.6, 'width': 330.80000000000007}","{'height': 720, 'width': 1280, 'mime_type': 'video/mp4'}",Q98WKpwIpkE,https://www.youtube.com/watch?v=Q98WKpwIpkE
cljaqz2zx00b33n6lrn4zn4tq,1072,left side,,Abnormal Gait,abnormal,"{'top': 0.0, 'left': 834.2, 'height': 671.8, 'width': 326.39999999999986}","{'height': 720, 'width': 1280, 'mime_type': 'video/mp4'}",Q98WKpwIpkE,https://www.youtube.com/watch?v=Q98WKpwIpkE
cljaqz2zx00b33n6lrn4zn4tq,1073,left side,,Abnormal Gait,abnormal,"{'top': 0.0, 'left': 838.0, 'height': 669.0, 'width': 322.0}","{'height': 720, 'width': 1280, 'mime_type': 'video/mp4'}",Q98WKpwIpkE,https://www.youtube.com/watch?v=Q98WKpwIpkE
cljaqz2zx00b33n6lrn4zn4tq,1074,left side,,Abnormal Gait,abnormal,"{'top': 0.0, 'left': 834.3333333333334, 'height': 669.3333333333334, 'width': 326.9999999999999}","{'height': 720, 'width': 1280, 'mime_type': 'video/mp4'}",Q98WKpwIpkE,https://www.youtube.com/watch?v=Q98WKpwIpkE
cljaqz2zx00b33n6lrn4zn4tq,1075,left side,,Abnormal Gait,abnormal,"{'top': 0.0, 'left': 830.6666666666666, 'height': 669.6666666666666, 'width': 332.0000000000001}","{'height': 720, 'width': 1280, 'mime_type': 'video/mp4'}",Q98WKpwIpkE,https://www.youtube.com/watch?v=Q98WKpwIpkE
cljaqz2zx00b33n6lrn4zn4tq,1076,left side,,Abnormal Gait,abnormal,"{'top': 0.0, 'left': 827.0, 'height': 670.0, 'width': 337.0}","{'height': 720, 'width': 1280, 'mime_type': 'video/mp4'}",Q98WKpwIpkE,https://www.youtube.com/watch?v=Q98WKpwIpkE
cljaqz2zx00b33n6lrn4zn4tq,1077,left side,,Abnormal Gait,abnormal,"{'top': 0.0, 'left': 823.3333333333334, 'height': 670.3333333333334, 'width': 341.9999999999999}","{'height': 720, 'width': 1280, 'mime_type': 'video/mp4'}",Q98WKpwIpkE,https://www.youtube.com/watch?v=Q98WKpwIpkE
cljaqz2zx00b33n6lrn4zn4tq,1078,left side,,Abnormal Gait,abnormal,"{'top': 0.0, 'left': 819.6666666666666, 'height': 670.6666666666666, 'width': 347.0000000000001}","{'height': 720, 'width': 1280, 'mime_type': 'video/mp4'}",Q98WKpwIpkE,https://www.youtube.com/watch?v=Q98WKpwIpkE
cljaqz2zx00b33n6lrn4zn4tq,1079,left side,,Abnormal Gait,abnormal,"{'top': 0.0, 'left': 816.0, 'height': 671.0, 'width': 352.0}","{'height': 720, 'width': 1280, 'mime_type': 'video/mp4'}",Q98WKpwIpkE,https://www.youtube.com/watch?v=Q98WKpwIpkE
cljaqz2zx00b33n6lrn4zn4tq,1080,left side,,Abnormal Gait,abnormal,"{'top': 0.0, 'left': 807.6666666666666, 'height': 673.6666666666666, 'width': 365.0000000000001}","{'height': 720, 'width': 1280, 'mime_type': 'video/mp4'}",Q98WKpwIpkE,https://www.youtube.com/watch?v=Q98WKpwIpkE
cljaqz2zx00b33n6lrn4zn4tq,1081,left side,,Abnormal Gait,abnormal,"{'top': 0.0, 'left': 799.3333333333334, 'height': 676.3333333333334, 'width': 377.9999999999999}","{'height': 720, 'width': 1280, 'mime_type': 'video/mp4'}",Q98WKpwIpkE,https://www.youtube.com/watch?v=Q98WKpwIpkE
cljaqz2zx00b33n6lrn4zn4tq,1082,left side,,Abnormal Gait,abnormal,"{'top': 0.0, 'left': 791.0, 'height': 679.0, 'width': 391.0}","{'height': 720, 'width': 1280, 'mime_type': 'video/mp4'}",Q98WKpwIpkE,https://www.youtube.com/watch?v=Q98WKpwIpkE
cljaqz2zx00b33n6lrn4zn4tq,1083,left side,,Abnormal Gait,abnormal,"{'top': 0.0, 'left': 779.0, 'height': 690.0, 'width': 402.5}","{'height': 720, 'width': 1280, 'mime_type': 'video/mp4'}",Q98WKpwIpkE,https://www.youtube.com/watch?v=Q98WKpwIpkE
cljaqz2zx00b33n6lrn4zn4tq,1084,left side,,Abnormal Gait,abnormal,"{'top': 0.0, 'left': 767.0, 'height': 701.0, 'width': 414.0}","{'height': 720, 'width': 1280, 'mime_type': 'video/mp4'}",Q98WKpwIpkE,https://www.youtube.com/watch?v=Q98WKpwIpkE
cljaqz2zx00b33n6lrn4zn4tq,1085,left side,,Abnormal Gait,abnormal,"{'top': 0.0, 'left': 766.3333333333334, 'height': 702.3333333333334, 'width': 412.9999999999999}","{'height': 720, 'width': 1280, 'mime_type': 'video/mp4'}",Q98WKpwIpkE,https://www.youtube.com/watch?v=Q98WKpwIpkE
cljaqz2zx00b33n6lrn4zn4tq,1086,left side,,Abnormal Gait,abnormal,"{'top': 0.0, 'left': 765.6666666666666, 'height': 703.6666666666666, 'width': 412.0000000000001}","{'height': 720, 'width': 1280, 'mime_type': 'video/mp4'}",Q98WKpwIpkE,https://www.youtube.com/watch?v=Q98WKpwIpkE
cljaqz2zx00b33n6lrn4zn4tq,1087,left side,,Abnormal Gait,abnormal,"{'top': 0.0, 'left': 765.0, 'height': 705.0, 'width': 411.0}","{'height': 720, 'width': 1280, 'mime_type': 'video/mp4'}",Q98WKpwIpkE,https://www.youtube.com/watch?v=Q98WKpwIpkE
cljaqz2zx00b33n6lrn4zn4tq,1088,left side,,Abnormal Gait,abnormal,"{'top': 0.0, 'left': 764.3333333333334, 'height': 706.3333333333334, 'width': 409.9999999999999}","{'height': 720, 'width': 1280, 'mime_type': 'video/mp4'}",Q98WKpwIpkE,https://www.youtube.com/watch?v=Q98WKpwIpkE
cljaqz2zx00b33n6lrn4zn4tq,1089,left side,,Abnormal Gait,abnormal,"{'top': 0.0, 'left': 763.6666666666666, 'height': 707.6666666666666, 'width': 409.0000000000001}","{'height': 720, 'width': 1280, 'mime_type': 'video/mp4'}",Q98WKpwIpkE,https://www.youtube.com/watch?v=Q98WKpwIpkE
cljaqz2zx00b33n6lrn4zn4tq,1090,left side,,Abnormal Gait,abnormal,"{'top': 0.0, 'left': 763.0, 'height': 709.0, 'width': 408.0}","{'height': 720, 'width': 1280, 'mime_type': 'video/mp4'}",Q98WKpwIpkE,https://www.youtube.com/watch?v=Q98WKpwIpkE
cljaqz2zx00b33n6lrn4zn4tq,1091,left side,,Abnormal Gait,abnormal,"{'top': 0.0, 'left': 760.4, 'height': 711.2, 'width': 406.4}","{'height': 720, 'width': 1280, 'mime_type': 'video/mp4'}",Q98WKpwIpkE,https://www.youtube.com/watch?v=Q98WKpwIpkE
cljaqz2zx00b33n6lrn4zn4tq,1092,left side,,Abnormal Gait,abnormal,"{'top': 0.0, 'left': 757.8, 'height': 713.4, 'width': 404.79999999999995}","{'height': 720, 'width': 1280, 'mime_type': 'video/mp4'}",Q98WKpwIpkE,https://www.youtube.com/watch?v=Q98WKpwIpkE
cljaqz2zx00b33n6lrn4zn4tq,1093,left side,,Abnormal Gait,abnormal,"{'top': 0.0, 'left': 755.2, 'height': 715.6, 'width': 403.20000000000005}","{'height': 720, 'width': 1280, 'mime_type': 'video/mp4'}",Q98WKpwIpkE,https://www.youtube.com/watch?v=Q98WKpwIpkE
cljaqz2zx00b33n6lrn4zn4tq,1094,left side,,Abnormal Gait,abnormal,"{'top': 0.0, 'left': 752.6, 'height': 717.8, 'width': 401.6}","{'height': 720, 'width': 1280, 'mime_type': 'video/mp4'}",Q98WKpwIpkE,https://www.youtube.com/watch?v=Q98WKpwIpkE
cljaqz2zx00b33n6lrn4zn4tq,1095,left side,,Abnormal Gait,abnormal,"{'top': 0.0, 'left': 750.0, 'height': 720.0, 'width': 400.0}","{'height': 720, 'width': 1280, 'mime_type': 'video/mp4'}",Q98WKpwIpkE,https://www.youtube.com/watch?v=Q98WKpwIpkE
cljaqz2zx00b33n6lrn4zn4tq,1096,left side,,Abnormal Gait,abnormal,"{'top': 0.33333333333333304, 'left': 742.3333333333334, 'height': 715.0, 'width': 387.9999999999999}","{'height': 720, 'width': 1280, 'mime_type': 'video/mp4'}",Q98WKpwIpkE,https://www.youtube.com/watch?v=Q98WKpwIpkE
cljaqz2zx00b33n6lrn4zn4tq,1097,left side,,Abnormal Gait,abnormal,"{'top': 0.6666666666666661, 'left': 734.6666666666666, 'height': 710.0, 'width': 376.0000000000001}","{'height': 720, 'width': 1280, 'mime_type': 'video/mp4'}",Q98WKpwIpkE,https://www.youtube.com/watch?v=Q98WKpwIpkE
cljaqz2zx00b33n6lrn4zn4tq,1098,left side,,Abnormal Gait,abnormal,"{'top': 1.0, 'left': 727.0, 'height': 705.0, 'width': 364.0}","{'height': 720, 'width': 1280, 'mime_type': 'video/mp4'}",Q98WKpwIpkE,https://www.youtube.com/watch?v=Q98WKpwIpkE
cljaqz2zx00b33n6lrn4zn4tq,1099,left side,,Abnormal Gait,abnormal,"{'top': 0.5, 'left': 718.0, 'height': 704.5, 'width': 379.5}","{'height': 720, 'width': 1280, 'mime_type': 'video/mp4'}",Q98WKpwIpkE,https://www.youtube.com/watch?v=Q98WKpwIpkE
cljaqz2zx00b33n6lrn4zn4tq,1100,left side,,Abnormal Gait,abnormal,"{'top': 0.0, 'left': 709.0, 'height': 704.0, 'width': 395.0}","{'height': 720, 'width': 1280, 'mime_type': 'video/mp4'}",Q98WKpwIpkE,https://www.youtube.com/watch?v=Q98WKpwIpkE
cljaqz2zx00b33n6lrn4zn4tq,1101,left side,,Abnormal Gait,abnormal,"{'top': 0.0, 'left': 707.0, 'height': 710.5, 'width': 399.0}","{'height': 720, 'width': 1280, 'mime_type': 'video/mp4'}",Q98WKpwIpkE,https://www.youtube.com/watch?v=Q98WKpwIpkE
cljaqz2zx00b33n6lrn4zn4tq,1102,left side,,Abnormal Gait,abnormal,"{'top': 0.0, 'left': 705.0, 'height': 717.0, 'width': 403.0}","{'height': 720, 'width': 1280, 'mime_type': 'video/mp4'}",Q98WKpwIpkE,https://www.youtube.com/watch?v=Q98WKpwIpkE
cljaqz2zx00b33n6lrn4zn4tq,1103,left side,,Abnormal Gait,abnormal,"{'top': 0.0, 'left': 684.5, 'height': 714.5, 'width': 428.0}","{'height': 720, 'width': 1280, 'mime_type': 'video/mp4'}",Q98WKpwIpkE,https://www.youtube.com/watch?v=Q98WKpwIpkE
cljaqz2zx00b33n6lrn4zn4tq,1104,left side,,Abnormal Gait,abnormal,"{'top': 0.0, 'left': 664.0, 'height': 712.0, 'width': 453.0}","{'height': 720, 'width': 1280, 'mime_type': 'video/mp4'}",Q98WKpwIpkE,https://www.youtube.com/watch?v=Q98WKpwIpkE
cljaqz2zx00b33n6lrn4zn4tq,1105,left side,,Abnormal Gait,abnormal,"{'top': 0.0, 'left': 679.0, 'height': 715.0, 'width': 447.5}","{'height': 720, 'width': 1280, 'mime_type': 'video/mp4'}",Q98WKpwIpkE,https://www.youtube.com/watch?v=Q98WKpwIpkE
cljaqz2zx00b33n6lrn4zn4tq,1106,left side,,Abnormal Gait,abnormal,"{'top': 0.0, 'left': 694.0, 'height': 718.0, 'width': 442.0}","{'height': 720, 'width': 1280, 'mime_type': 'video/mp4'}",Q98WKpwIpkE,https://www.youtube.com/watch?v=Q98WKpwIpkE
cljaqz2zx00b33n6lrn4zn4tq,1107,left side,,Abnormal Gait,abnormal,"{'top': 0.0, 'left': 665.0, 'height': 714.0, 'width': 473.0}","{'height': 720, 'width': 1280, 'mime_type': 'video/mp4'}",Q98WKpwIpkE,https://www.youtube.com/watch?v=Q98WKpwIpkE
cljaqz2zx00b33n6lrn4zn4tq,1108,left side,,Abnormal Gait,abnormal,"{'top': 0.0, 'left': 661.0, 'height': 708.0, 'width': 478.0}","{'height': 720, 'width': 1280, 'mime_type': 'video/mp4'}",Q98WKpwIpkE,https://www.youtube.com/watch?v=Q98WKpwIpkE
cljaqz2zx00b33n6lrn4zn4tq,1109,left side,,Abnormal Gait,abnormal,"{'top': 2.0, 'left': 692.0, 'height': 718.0, 'width': 449.0}","{'height': 720, 'width': 1280, 'mime_type': 'video/mp4'}",Q98WKpwIpkE,https://www.youtube.com/watch?v=Q98WKpwIpkE
cljaqz2zx00b33n6lrn4zn4tq,1110,left side,,Abnormal Gait,abnormal,"{'top': 1.9090909090909092, 'left': 688.0, 'height': 718.0909090909091, 'width': 448.81818181818176}","{'height': 720, 'width': 1280, 'mime_type': 'video/mp4'}",Q98WKpwIpkE,https://www.youtube.com/watch?v=Q98WKpwIpkE
cljaqz2zx00b33n6lrn4zn4tq,1111,left side,,Abnormal Gait,abnormal,"{'top': 1.818181818181818, 'left': 684.0, 'height': 718.1818181818181, 'width': 448.63636363636374}","{'height': 720, 'width': 1280, 'mime_type': 'video/mp4'}",Q98WKpwIpkE,https://www.youtube.com/watch?v=Q98WKpwIpkE
cljaqz2zx00b33n6lrn4zn4tq,1112,left side,,Abnormal Gait,abnormal,"{'top': 1.727272727272727, 'left': 680.0, 'height': 718.2727272727273, 'width': 448.4545454545455}","{'height': 720, 'width': 1280, 'mime_type': 'video/mp4'}",Q98WKpwIpkE,https://www.youtube.com/watch?v=Q98WKpwIpkE
cljaqz2zx00b33n6lrn4zn4tq,1113,left side,,Abnormal Gait,abnormal,"{'top': 1.636363636363636, 'left': 676.0, 'height': 718.3636363636364, 'width': 448.27272727272725}","{'height': 720, 'width': 1280, 'mime_type': 'video/mp4'}",Q98WKpwIpkE,https://www.youtube.com/watch?v=Q98WKpwIpkE
cljaqz2zx00b33n6lrn4zn4tq,1114,left side,,Abnormal Gait,abnormal,"{'top': 1.545454545454545, 'left': 672.0, 'height': 718.4545454545455, 'width': 448.090909090909}","{'height': 720, 'width': 1280, 'mime_type': 'video/mp4'}",Q98WKpwIpkE,https://www.youtube.com/watch?v=Q98WKpwIpkE
cljaqz2zx00b33n6lrn4zn4tq,1115,left side,,Abnormal Gait,abnormal,"{'top': 1.4545454545454541, 'left': 668.0, 'height': 718.5454545454545, 'width': 447.909090909091}","{'height': 720, 'width': 1280, 'mime_type': 'video/mp4'}",Q98WKpwIpkE,https://www.youtube.com/watch?v=Q98WKpwIpkE
cljaqz2zx00b33n6lrn4zn4tq,1116,left side,,Abnormal Gait,abnormal,"{'top': 1.363636363636363, 'left': 664.0, 'height': 718.6363636363636, 'width': 447.72727272727275}","{'height': 720, 'width': 1280, 'mime_type': 'video/mp4'}",Q98WKpwIpkE,https://www.youtube.com/watch?v=Q98WKpwIpkE
cljaqz2zx00b33n6lrn4zn4tq,1117,left side,,Abnormal Gait,abnormal,"{'top': 1.272727272727272, 'left': 660.0, 'height': 718.7272727272727, 'width': 447.5454545454545}","{'height': 720, 'width': 1280, 'mime_type': 'video/mp4'}",Q98WKpwIpkE,https://www.youtube.com/watch?v=Q98WKpwIpkE
cljaqz2zx00b33n6lrn4zn4tq,1118,left side,,Abnormal Gait,abnormal,"{'top': 1.181818181818181, 'left': 656.0, 'height': 718.8181818181819, 'width': 447.36363636363626}","{'height': 720, 'width': 1280, 'mime_type': 'video/mp4'}",Q98WKpwIpkE,https://www.youtube.com/watch?v=Q98WKpwIpkE
cljaqz2zx00b33n6lrn4zn4tq,1119,left side,,Abnormal Gait,abnormal,"{'top': 1.09090909090909, 'left': 652.0, 'height': 718.9090909090909, 'width': 447.18181818181824}","{'height': 720, 'width': 1280, 'mime_type': 'video/mp4'}",Q98WKpwIpkE,https://www.youtube.com/watch?v=Q98WKpwIpkE
cljaqz2zx00b33n6lrn4zn4tq,1120,left side,,Abnormal Gait,abnormal,"{'top': 1.0, 'left': 648.0, 'height': 719.0, 'width': 447.0}","{'height': 720, 'width': 1280, 'mime_type': 'video/mp4'}",Q98WKpwIpkE,https://www.youtube.com/watch?v=Q98WKpwIpkE
cljaqz2zx00b33n6lrn4zn4tq,1121,left side,,Abnormal Gait,abnormal,"{'top': 0.9090909090909091, 'left': 644.0, 'height': 719.0909090909091, 'width': 442.72727272727275}","{'height': 720, 'width': 1280, 'mime_type': 'video/mp4'}",Q98WKpwIpkE,https://www.youtube.com/watch?v=Q98WKpwIpkE
cljaqz2zx00b33n6lrn4zn4tq,1122,left side,,Abnormal Gait,abnormal,"{'top': 0.818181818181818, 'left': 640.0, 'height': 719.1818181818181, 'width': 438.4545454545455}","{'height': 720, 'width': 1280, 'mime_type': 'video/mp4'}",Q98WKpwIpkE,https://www.youtube.com/watch?v=Q98WKpwIpkE
cljaqz2zx00b33n6lrn4zn4tq,1123,left side,,Abnormal Gait,abnormal,"{'top': 0.7272727272727271, 'left': 636.0, 'height': 719.2727272727273, 'width': 434.18181818181824}","{'height': 720, 'width': 1280, 'mime_type': 'video/mp4'}",Q98WKpwIpkE,https://www.youtube.com/watch?v=Q98WKpwIpkE
cljaqz2zx00b33n6lrn4zn4tq,1124,left side,,Abnormal Gait,abnormal,"{'top': 0.636363636363636, 'left': 632.0, 'height': 719.3636363636364, 'width': 429.909090909091}","{'height': 720, 'width': 1280, 'mime_type': 'video/mp4'}",Q98WKpwIpkE,https://www.youtube.com/watch?v=Q98WKpwIpkE
cljaqz2zx00b33n6lrn4zn4tq,1125,left side,,Abnormal Gait,abnormal,"{'top': 0.5454545454545451, 'left': 628.0, 'height': 719.4545454545455, 'width': 425.63636363636374}","{'height': 720, 'width': 1280, 'mime_type': 'video/mp4'}",Q98WKpwIpkE,https://www.youtube.com/watch?v=Q98WKpwIpkE
cljaqz2zx00b33n6lrn4zn4tq,1126,left side,,Abnormal Gait,abnormal,"{'top': 0.45454545454545403, 'left': 624.0, 'height': 719.5454545454545, 'width': 421.36363636363626}","{'height': 720, 'width': 1280, 'mime_type': 'video/mp4'}",Q98WKpwIpkE,https://www.youtube.com/watch?v=Q98WKpwIpkE
cljaqz2zx00b33n6lrn4zn4tq,1127,left side,,Abnormal Gait,abnormal,"{'top': 0.36363636363636304, 'left': 620.0, 'height': 719.6363636363636, 'width': 417.090909090909}","{'height': 720, 'width': 1280, 'mime_type': 'video/mp4'}",Q98WKpwIpkE,https://www.youtube.com/watch?v=Q98WKpwIpkE
cljaqz2zx00b33n6lrn4zn4tq,1128,left side,,Abnormal Gait,abnormal,"{'top': 0.27272727272727204, 'left': 616.0, 'height': 719.7272727272727, 'width': 412.81818181818176}","{'height': 720, 'width': 1280, 'mime_type': 'video/mp4'}",Q98WKpwIpkE,https://www.youtube.com/watch?v=Q98WKpwIpkE
cljaqz2zx00b33n6lrn4zn4tq,1129,left side,,Abnormal Gait,abnormal,"{'top': 0.18181818181818102, 'left': 612.0, 'height': 719.8181818181819, 'width': 408.5454545454545}","{'height': 720, 'width': 1280, 'mime_type': 'video/mp4'}",Q98WKpwIpkE,https://www.youtube.com/watch?v=Q98WKpwIpkE
cljaqz2zx00b33n6lrn4zn4tq,1130,left side,,Abnormal Gait,abnormal,"{'top': 0.09090909090909001, 'left': 608.0, 'height': 719.9090909090909, 'width': 404.27272727272725}","{'height': 720, 'width': 1280, 'mime_type': 'video/mp4'}",Q98WKpwIpkE,https://www.youtube.com/watch?v=Q98WKpwIpkE
cljaqz2zx00b33n6lrn4zn4tq,1131,left side,,Abnormal Gait,abnormal,"{'top': 0.0, 'left': 604.0, 'height': 720.0, 'width': 400.0}","{'height': 720, 'width': 1280, 'mime_type': 'video/mp4'}",Q98WKpwIpkE,https://www.youtube.com/watch?v=Q98WKpwIpkE
cljaqz2zx00b33n6lrn4zn4tq,1132,left side,,Abnormal Gait,abnormal,"{'top': 0.0, 'left': 595.0, 'height': 720.0, 'width': 398.5}","{'height': 720, 'width': 1280, 'mime_type': 'video/mp4'}",Q98WKpwIpkE,https://www.youtube.com/watch?v=Q98WKpwIpkE
cljaqz2zx00b33n6lrn4zn4tq,1133,left side,,Abnormal Gait,abnormal,"{'top': 0.0, 'left': 586.0, 'height': 720.0, 'width': 397.0}","{'height': 720, 'width': 1280, 'mime_type': 'video/mp4'}",Q98WKpwIpkE,https://www.youtube.com/watch?v=Q98WKpwIpkE
cljaqz2zx00b33n6lrn4zn4tq,1134,left side,,Abnormal Gait,abnormal,"{'top': 0.0, 'left': 577.0, 'height': 720.0, 'width': 395.5}","{'height': 720, 'width': 1280, 'mime_type': 'video/mp4'}",Q98WKpwIpkE,https://www.youtube.com/watch?v=Q98WKpwIpkE
cljaqz2zx00b33n6lrn4zn4tq,1135,left side,,Abnormal Gait,abnormal,"{'top': 0.0, 'left': 568.0, 'height': 720.0, 'width': 394.0}","{'height': 720, 'width': 1280, 'mime_type': 'video/mp4'}",Q98WKpwIpkE,https://www.youtube.com/watch?v=Q98WKpwIpkE
cljaqz2zx00b33n6lrn4zn4tq,1136,left side,,Abnormal Gait,abnormal,"{'top': 0.0, 'left': 559.0, 'height': 720.0, 'width': 392.5}","{'height': 720, 'width': 1280, 'mime_type': 'video/mp4'}",Q98WKpwIpkE,https://www.youtube.com/watch?v=Q98WKpwIpkE
cljaqz2zx00b33n6lrn4zn4tq,1137,left side,,Abnormal Gait,abnormal,"{'top': 0.0, 'left': 550.0, 'height': 720.0, 'width': 391.0}","{'height': 720, 'width': 1280, 'mime_type': 'video/mp4'}",Q98WKpwIpkE,https://www.youtube.com/watch?v=Q98WKpwIpkE
cljaqz2zx00b33n6lrn4zn4tq,1138,left side,,Abnormal Gait,abnormal,"{'top': 0.0, 'left': 548.3333333333334, 'height': 720.0, 'width': 394.66666666666663}","{'height': 720, 'width': 1280, 'mime_type': 'video/mp4'}",Q98WKpwIpkE,https://www.youtube.com/watch?v=Q98WKpwIpkE
cljaqz2zx00b33n6lrn4zn4tq,1139,left side,,Abnormal Gait,abnormal,"{'top': 0.0, 'left': 546.6666666666666, 'height': 720.0, 'width': 398.33333333333337}","{'height': 720, 'width': 1280, 'mime_type': 'video/mp4'}",Q98WKpwIpkE,https://www.youtube.com/watch?v=Q98WKpwIpkE
cljaqz2zx00b33n6lrn4zn4tq,1140,left side,,Abnormal Gait,abnormal,"{'top': 0.0, 'left': 545.0, 'height': 720.0, 'width': 402.0}","{'height': 720, 'width': 1280, 'mime_type': 'video/mp4'}",Q98WKpwIpkE,https://www.youtube.com/watch?v=Q98WKpwIpkE
cljaqz2zx00b33n6lrn4zn4tq,1141,left side,,Abnormal Gait,abnormal,"{'top': 0.0, 'left': 539.6923076923077, 'height': 720.0, 'width': 402.076923076923}","{'height': 720, 'width': 1280, 'mime_type': 'video/mp4'}",Q98WKpwIpkE,https://www.youtube.com/watch?v=Q98WKpwIpkE
cljaqz2zx00b33n6lrn4zn4tq,1142,left side,,Abnormal Gait,abnormal,"{'top': 0.0, 'left': 534.3846153846154, 'height': 720.0, 'width': 402.1538461538462}","{'height': 720, 'width': 1280, 'mime_type': 'video/mp4'}",Q98WKpwIpkE,https://www.youtube.com/watch?v=Q98WKpwIpkE
cljaqz2zx00b33n6lrn4zn4tq,1143,left side,,Abnormal Gait,abnormal,"{'top': 0.0, 'left': 529.0769230769231, 'height': 720.0, 'width': 402.23076923076917}","{'height': 720, 'width': 1280, 'mime_type': 'video/mp4'}",Q98WKpwIpkE,https://www.youtube.com/watch?v=Q98WKpwIpkE
cljaqz2zx00b33n6lrn4zn4tq,1144,left side,,Abnormal Gait,abnormal,"{'top': 0.0, 'left': 523.7692307692307, 'height': 720.0, 'width': 402.3076923076924}","{'height': 720, 'width': 1280, 'mime_type': 'video/mp4'}",Q98WKpwIpkE,https://www.youtube.com/watch?v=Q98WKpwIpkE
cljaqz2zx00b33n6lrn4zn4tq,1145,left side,,Abnormal Gait,abnormal,"{'top': 0.0, 'left': 518.4615384615385, 'height': 720.0, 'width': 402.38461538461536}","{'height': 720, 'width': 1280, 'mime_type': 'video/mp4'}",Q98WKpwIpkE,https://www.youtube.com/watch?v=Q98WKpwIpkE
cljaqz2zx00b33n6lrn4zn4tq,1146,left side,,Abnormal Gait,abnormal,"{'top': 0.0, 'left': 513.1538461538462, 'height': 720.0, 'width': 402.46153846153845}","{'height': 720, 'width': 1280, 'mime_type': 'video/mp4'}",Q98WKpwIpkE,https://www.youtube.com/watch?v=Q98WKpwIpkE
cljaqz2zx00b33n6lrn4zn4tq,1147,left side,,Abnormal Gait,abnormal,"{'top': 0.0, 'left': 507.84615384615387, 'height': 720.0, 'width': 402.5384615384615}","{'height': 720, 'width': 1280, 'mime_type': 'video/mp4'}",Q98WKpwIpkE,https://www.youtube.com/watch?v=Q98WKpwIpkE
cljaqz2zx00b33n6lrn4zn4tq,1148,left side,,Abnormal Gait,abnormal,"{'top': 0.0, 'left': 502.53846153846155, 'height': 720.0, 'width': 402.61538461538464}","{'height': 720, 'width': 1280, 'mime_type': 'video/mp4'}",Q98WKpwIpkE,https://www.youtube.com/watch?v=Q98WKpwIpkE
cljaqz2zx00b33n6lrn4zn4tq,1149,left side,,Abnormal Gait,abnormal,"{'top': 0.0, 'left': 497.2307692307692, 'height': 720.0, 'width': 402.6923076923077}","{'height': 720, 'width': 1280, 'mime_type': 'video/mp4'}",Q98WKpwIpkE,https://www.youtube.com/watch?v=Q98WKpwIpkE
cljaqz2zx00b33n6lrn4zn4tq,1150,left side,,Abnormal Gait,abnormal,"{'top': 0.0, 'left': 491.9230769230769, 'height': 720.0, 'width': 402.76923076923083}","{'height': 720, 'width': 1280, 'mime_type': 'video/mp4'}",Q98WKpwIpkE,https://www.youtube.com/watch?v=Q98WKpwIpkE
cljaqz2zx00b33n6lrn4zn4tq,1151,left side,,Abnormal Gait,abnormal,"{'top': 0.0, 'left': 486.61538461538464, 'height': 720.0, 'width': 402.8461538461538}","{'height': 720, 'width': 1280, 'mime_type': 'video/mp4'}",Q98WKpwIpkE,https://www.youtube.com/watch?v=Q98WKpwIpkE
cljaqz2zx00b33n6lrn4zn4tq,1152,left side,,Abnormal Gait,abnormal,"{'top': 0.0, 'left': 481.3076923076923, 'height': 720.0, 'width': 402.92307692307696}","{'height': 720, 'width': 1280, 'mime_type': 'video/mp4'}",Q98WKpwIpkE,https://www.youtube.com/watch?v=Q98WKpwIpkE
cljaqz2zx00b33n6lrn4zn4tq,1153,left side,,Abnormal Gait,abnormal,"{'top': 0.0, 'left': 476.0, 'height': 720.0, 'width': 403.0}","{'height': 720, 'width': 1280, 'mime_type': 'video/mp4'}",Q98WKpwIpkE,https://www.youtube.com/watch?v=Q98WKpwIpkE
cljaqz2zx00b33n6lrn4zn4tq,1154,left side,,Abnormal Gait,abnormal,"{'top': 0.0, 'left': 473.3125, 'height': 720.0, 'width': 401.0}","{'height': 720, 'width': 1280, 'mime_type': 'video/mp4'}",Q98WKpwIpkE,https://www.youtube.com/watch?v=Q98WKpwIpkE
cljaqz2zx00b33n6lrn4zn4tq,1155,left side,,Abnormal Gait,abnormal,"{'top': 0.0, 'left': 470.625, 'height': 720.0, 'width': 399.0}","{'height': 720, 'width': 1280, 'mime_type': 'video/mp4'}",Q98WKpwIpkE,https://www.youtube.com/watch?v=Q98WKpwIpkE
cljaqz2zx00b33n6lrn4zn4tq,1156,left side,,Abnormal Gait,abnormal,"{'top': 0.0, 'left': 467.9375, 'height': 720.0, 'width': 397.0}","{'height': 720, 'width': 1280, 'mime_type': 'video/mp4'}",Q98WKpwIpkE,https://www.youtube.com/watch?v=Q98WKpwIpkE
cljaqz2zx00b33n6lrn4zn4tq,1157,left side,,Abnormal Gait,abnormal,"{'top': 0.0, 'left': 465.25, 'height': 720.0, 'width': 395.0}","{'height': 720, 'width': 1280, 'mime_type': 'video/mp4'}",Q98WKpwIpkE,https://www.youtube.com/watch?v=Q98WKpwIpkE
cljaqz2zx00b33n6lrn4zn4tq,1158,left side,,Abnormal Gait,abnormal,"{'top': 0.0, 'left': 462.5625, 'height': 720.0, 'width': 393.0}","{'height': 720, 'width': 1280, 'mime_type': 'video/mp4'}",Q98WKpwIpkE,https://www.youtube.com/watch?v=Q98WKpwIpkE
cljaqz2zx00b33n6lrn4zn4tq,1159,left side,,Abnormal Gait,abnormal,"{'top': 0.0, 'left': 459.875, 'height': 720.0, 'width': 391.0}","{'height': 720, 'width': 1280, 'mime_type': 'video/mp4'}",Q98WKpwIpkE,https://www.youtube.com/watch?v=Q98WKpwIpkE
cljaqz2zx00b33n6lrn4zn4tq,1160,left side,,Abnormal Gait,abnormal,"{'top': 0.0, 'left': 457.1875, 'height': 720.0, 'width': 389.0}","{'height': 720, 'width': 1280, 'mime_type': 'video/mp4'}",Q98WKpwIpkE,https://www.youtube.com/watch?v=Q98WKpwIpkE
cljaqz2zx00b33n6lrn4zn4tq,1161,left side,,Abnormal Gait,abnormal,"{'top': 0.0, 'left': 454.5, 'height': 720.0, 'width': 387.0}","{'height': 720, 'width': 1280, 'mime_type': 'video/mp4'}",Q98WKpwIpkE,https://www.youtube.com/watch?v=Q98WKpwIpkE
cljaqz2zx00b33n6lrn4zn4tq,1162,left side,,Abnormal Gait,abnormal,"{'top': 0.0, 'left': 451.8125, 'height': 720.0, 'width': 385.0}","{'height': 720, 'width': 1280, 'mime_type': 'video/mp4'}",Q98WKpwIpkE,https://www.youtube.com/watch?v=Q98WKpwIpkE
cljaqz2zx00b33n6lrn4zn4tq,1163,left side,,Abnormal Gait,abnormal,"{'top': 0.0, 'left': 449.125, 'height': 720.0, 'width': 383.0}","{'height': 720, 'width': 1280, 'mime_type': 'video/mp4'}",Q98WKpwIpkE,https://www.youtube.com/watch?v=Q98WKpwIpkE
cljaqz2zx00b33n6lrn4zn4tq,1164,left side,,Abnormal Gait,abnormal,"{'top': 0.0, 'left': 446.4375, 'height': 720.0, 'width': 381.0}","{'height': 720, 'width': 1280, 'mime_type': 'video/mp4'}",Q98WKpwIpkE,https://www.youtube.com/watch?v=Q98WKpwIpkE
cljaqz2zx00b33n6lrn4zn4tq,1165,left side,,Abnormal Gait,abnormal,"{'top': 0.0, 'left': 443.75, 'height': 720.0, 'width': 379.0}","{'height': 720, 'width': 1280, 'mime_type': 'video/mp4'}",Q98WKpwIpkE,https://www.youtube.com/watch?v=Q98WKpwIpkE
cljaqz2zx00b33n6lrn4zn4tq,1166,left side,,Abnormal Gait,abnormal,"{'top': 0.0, 'left': 441.0625, 'height': 720.0, 'width': 377.0}","{'height': 720, 'width': 1280, 'mime_type': 'video/mp4'}",Q98WKpwIpkE,https://www.youtube.com/watch?v=Q98WKpwIpkE
cljaqz2zx00b33n6lrn4zn4tq,1167,left side,,Abnormal Gait,abnormal,"{'top': 0.0, 'left': 438.375, 'height': 720.0, 'width': 375.0}","{'height': 720, 'width': 1280, 'mime_type': 'video/mp4'}",Q98WKpwIpkE,https://www.youtube.com/watch?v=Q98WKpwIpkE
cljaqz2zx00b33n6lrn4zn4tq,1168,left side,,Abnormal Gait,abnormal,"{'top': 0.0, 'left': 435.6875, 'height': 720.0, 'width': 373.0}","{'height': 720, 'width': 1280, 'mime_type': 'video/mp4'}",Q98WKpwIpkE,https://www.youtube.com/watch?v=Q98WKpwIpkE
cljaqz2zx00b33n6lrn4zn4tq,1169,left side,,Abnormal Gait,abnormal,"{'top': 0.0, 'left': 433.0, 'height': 720.0, 'width': 371.0}","{'height': 720, 'width': 1280, 'mime_type': 'video/mp4'}",Q98WKpwIpkE,https://www.youtube.com/watch?v=Q98WKpwIpkE
cljaqz2zx00b33n6lrn4zn4tq,1170,left side,,Abnormal Gait,abnormal,"{'top': 0.0, 'left': 425.125, 'height': 720.0, 'width': 372.5}","{'height': 720, 'width': 1280, 'mime_type': 'video/mp4'}",Q98WKpwIpkE,https://www.youtube.com/watch?v=Q98WKpwIpkE
cljaqz2zx00b33n6lrn4zn4tq,1171,left side,,Abnormal Gait,abnormal,"{'top': 0.0, 'left': 417.25, 'height': 720.0, 'width': 374.0}","{'height': 720, 'width': 1280, 'mime_type': 'video/mp4'}",Q98WKpwIpkE,https://www.youtube.com/watch?v=Q98WKpwIpkE
cljaqz2zx00b33n6lrn4zn4tq,1172,left side,,Abnormal Gait,abnormal,"{'top': 0.0, 'left': 409.375, 'height': 720.0, 'width': 375.5}","{'height': 720, 'width': 1280, 'mime_type': 'video/mp4'}",Q98WKpwIpkE,https://www.youtube.com/watch?v=Q98WKpwIpkE
cljaqz2zx00b33n6lrn4zn4tq,1173,left side,,Abnormal Gait,abnormal,"{'top': 0.0, 'left': 401.5, 'height': 720.0, 'width': 377.0}","{'height': 720, 'width': 1280, 'mime_type': 'video/mp4'}",Q98WKpwIpkE,https://www.youtube.com/watch?v=Q98WKpwIpkE
cljaqz2zx00b33n6lrn4zn4tq,1174,left side,,Abnormal Gait,abnormal,"{'top': 0.0, 'left': 393.625, 'height': 720.0, 'width': 378.5}","{'height': 720, 'width': 1280, 'mime_type': 'video/mp4'}",Q98WKpwIpkE,https://www.youtube.com/watch?v=Q98WKpwIpkE
cljaqz2zx00b33n6lrn4zn4tq,1175,left side,,Abnormal Gait,abnormal,"{'top': 0.0, 'left': 385.75, 'height': 720.0, 'width': 380.0}","{'height': 720, 'width': 1280, 'mime_type': 'video/mp4'}",Q98WKpwIpkE,https://www.youtube.com/watch?v=Q98WKpwIpkE
cljaqz2zx00b33n6lrn4zn4tq,1176,left side,,Abnormal Gait,abnormal,"{'top': 0.0, 'left': 377.875, 'height': 720.0, 'width': 381.5}","{'height': 720, 'width': 1280, 'mime_type': 'video/mp4'}",Q98WKpwIpkE,https://www.youtube.com/watch?v=Q98WKpwIpkE
cljaqz2zx00b33n6lrn4zn4tq,1177,left side,,Abnormal Gait,abnormal,"{'top': 0.0, 'left': 370.0, 'height': 720.0, 'width': 383.0}","{'height': 720, 'width': 1280, 'mime_type': 'video/mp4'}",Q98WKpwIpkE,https://www.youtube.com/watch?v=Q98WKpwIpkE
cljaqz2zx00b33n6lrn4zn4tq,1178,left side,,Abnormal Gait,abnormal,"{'top': 0.818181818181818, 'left': 369.3636363636364, 'height': 718.8181818181818, 'width': 381.6363636363636}","{'height': 720, 'width': 1280, 'mime_type': 'video/mp4'}",Q98WKpwIpkE,https://www.youtube.com/watch?v=Q98WKpwIpkE
cljaqz2zx00b33n6lrn4zn4tq,1179,left side,,Abnormal Gait,abnormal,"{'top': 1.636363636363636, 'left': 368.72727272727275, 'height': 717.6363636363636, 'width': 380.27272727272725}","{'height': 720, 'width': 1280, 'mime_type': 'video/mp4'}",Q98WKpwIpkE,https://www.youtube.com/watch?v=Q98WKpwIpkE
cljaqz2zx00b33n6lrn4zn4tq,1180,left side,,Abnormal Gait,abnormal,"{'top': 2.454545454545454, 'left': 368.09090909090907, 'height': 716.4545454545454, 'width': 378.90909090909093}","{'height': 720, 'width': 1280, 'mime_type': 'video/mp4'}",Q98WKpwIpkE,https://www.youtube.com/watch?v=Q98WKpwIpkE
cljaqz2zx00b33n6lrn4zn4tq,1181,left side,,Abnormal Gait,abnormal,"{'top': 3.272727272727273, 'left': 367.45454545454544, 'height': 715.2727272727273, 'width': 377.54545454545456}","{'height': 720, 'width': 1280, 'mime_type': 'video/mp4'}",Q98WKpwIpkE,https://www.youtube.com/watch?v=Q98WKpwIpkE
cljaqz2zx00b33n6lrn4zn4tq,1182,left side,,Abnormal Gait,abnormal,"{'top': 4.090909090909091, 'left': 366.8181818181818, 'height': 714.090909090909, 'width': 376.1818181818182}","{'height': 720, 'width': 1280, 'mime_type': 'video/mp4'}",Q98WKpwIpkE,https://www.youtube.com/watch?v=Q98WKpwIpkE
cljaqz2zx00b33n6lrn4zn4tq,1183,left side,,Abnormal Gait,abnormal,"{'top': 4.909090909090908, 'left': 366.1818181818182, 'height': 712.909090909091, 'width': 374.8181818181818}","{'height': 720, 'width': 1280, 'mime_type': 'video/mp4'}",Q98WKpwIpkE,https://www.youtube.com/watch?v=Q98WKpwIpkE
cljaqz2zx00b33n6lrn4zn4tq,1184,left side,,Abnormal Gait,abnormal,"{'top': 5.727272727272727, 'left': 365.54545454545456, 'height': 711.7272727272727, 'width': 373.45454545454544}","{'height': 720, 'width': 1280, 'mime_type': 'video/mp4'}",Q98WKpwIpkE,https://www.youtube.com/watch?v=Q98WKpwIpkE
cljaqz2zx00b33n6lrn4zn4tq,1185,left side,,Abnormal Gait,abnormal,"{'top': 6.545454545454546, 'left': 364.90909090909093, 'height': 710.5454545454546, 'width': 372.09090909090907}","{'height': 720, 'width': 1280, 'mime_type': 'video/mp4'}",Q98WKpwIpkE,https://www.youtube.com/watch?v=Q98WKpwIpkE
cljaqz2zx00b33n6lrn4zn4tq,1186,left side,,Abnormal Gait,abnormal,"{'top': 7.363636363636364, 'left': 364.27272727272725, 'height': 709.3636363636364, 'width': 370.72727272727275}","{'height': 720, 'width': 1280, 'mime_type': 'video/mp4'}",Q98WKpwIpkE,https://www.youtube.com/watch?v=Q98WKpwIpkE
cljaqz2zx00b33n6lrn4zn4tq,1187,left side,,Abnormal Gait,abnormal,"{'top': 8.181818181818182, 'left': 363.6363636363636, 'height': 708.1818181818182, 'width': 369.3636363636364}","{'height': 720, 'width': 1280, 'mime_type': 'video/mp4'}",Q98WKpwIpkE,https://www.youtube.com/watch?v=Q98WKpwIpkE
cljaqz2zx00b33n6lrn4zn4tq,1188,left side,,Abnormal Gait,abnormal,"{'top': 9.0, 'left': 363.0, 'height': 707.0, 'width': 368.0}","{'height': 720, 'width': 1280, 'mime_type': 'video/mp4'}",Q98WKpwIpkE,https://www.youtube.com/watch?v=Q98WKpwIpkE
cljaqz2zx00b33n6lrn4zn4tq,1189,left side,,Abnormal Gait,abnormal,"{'top': 8.571428571428571, 'left': 355.23809523809524, 'height': 705.7619047619048, 'width': 366.7142857142857}","{'height': 720, 'width': 1280, 'mime_type': 'video/mp4'}",Q98WKpwIpkE,https://www.youtube.com/watch?v=Q98WKpwIpkE
cljaqz2zx00b33n6lrn4zn4tq,1190,left side,,Abnormal Gait,abnormal,"{'top': 8.142857142857142, 'left': 347.4761904761905, 'height': 704.5238095238095, 'width': 365.42857142857144}","{'height': 720, 'width': 1280, 'mime_type': 'video/mp4'}",Q98WKpwIpkE,https://www.youtube.com/watch?v=Q98WKpwIpkE
cljaqz2zx00b33n6lrn4zn4tq,1191,left side,,Abnormal Gait,abnormal,"{'top': 7.714285714285714, 'left': 339.7142857142857, 'height': 703.2857142857143, 'width': 364.14285714285717}","{'height': 720, 'width': 1280, 'mime_type': 'video/mp4'}",Q98WKpwIpkE,https://www.youtube.com/watch?v=Q98WKpwIpkE
cljaqz2zx00b33n6lrn4zn4tq,1192,left side,,Abnormal Gait,abnormal,"{'top': 7.2857142857142865, 'left': 331.95238095238096, 'height': 702.047619047619, 'width': 362.8571428571429}","{'height': 720, 'width': 1280, 'mime_type': 'video/mp4'}",Q98WKpwIpkE,https://www.youtube.com/watch?v=Q98WKpwIpkE
cljaqz2zx00b33n6lrn4zn4tq,1193,left side,,Abnormal Gait,abnormal,"{'top': 6.857142857142858, 'left': 324.1904761904762, 'height': 700.8095238095237, 'width': 361.5714285714286}","{'height': 720, 'width': 1280, 'mime_type': 'video/mp4'}",Q98WKpwIpkE,https://www.youtube.com/watch?v=Q98WKpwIpkE
cljaqz2zx00b33n6lrn4zn4tq,1194,left side,,Abnormal Gait,abnormal,"{'top': 6.428571428571429, 'left': 316.42857142857144, 'height': 699.5714285714286, 'width': 360.2857142857142}","{'height': 720, 'width': 1280, 'mime_type': 'video/mp4'}",Q98WKpwIpkE,https://www.youtube.com/watch?v=Q98WKpwIpkE
cljaqz2zx00b33n6lrn4zn4tq,1195,left side,,Abnormal Gait,abnormal,"{'top': 6.0, 'left': 308.6666666666667, 'height': 698.3333333333334, 'width': 358.99999999999994}","{'height': 720, 'width': 1280, 'mime_type': 'video/mp4'}",Q98WKpwIpkE,https://www.youtube.com/watch?v=Q98WKpwIpkE
cljaqz2zx00b33n6lrn4zn4tq,1196,left side,,Abnormal Gait,abnormal,"{'top': 5.571428571428571, 'left': 300.9047619047619, 'height': 697.0952380952381, 'width': 357.71428571428567}","{'height': 720, 'width': 1280, 'mime_type': 'video/mp4'}",Q98WKpwIpkE,https://www.youtube.com/watch?v=Q98WKpwIpkE
cljaqz2zx00b33n6lrn4zn4tq,1197,left side,,Abnormal Gait,abnormal,"{'top': 5.142857142857143, 'left': 293.14285714285717, 'height': 695.8571428571429, 'width': 356.4285714285714}","{'height': 720, 'width': 1280, 'mime_type': 'video/mp4'}",Q98WKpwIpkE,https://www.youtube.com/watch?v=Q98WKpwIpkE
cljaqz2zx00b33n6lrn4zn4tq,1198,left side,,Abnormal Gait,abnormal,"{'top': 4.714285714285714, 'left': 285.3809523809524, 'height': 694.6190476190477, 'width': 355.1428571428571}","{'height': 720, 'width': 1280, 'mime_type': 'video/mp4'}",Q98WKpwIpkE,https://www.youtube.com/watch?v=Q98WKpwIpkE
cljaqz2zx00b33n6lrn4zn4tq,1199,left side,,Abnormal Gait,abnormal,"{'top': 4.2857142857142865, 'left': 277.6190476190476, 'height': 693.3809523809523, 'width': 353.8571428571429}","{'height': 720, 'width': 1280, 'mime_type': 'video/mp4'}",Q98WKpwIpkE,https://www.youtube.com/watch?v=Q98WKpwIpkE
cljaqz2zx00b33n6lrn4zn4tq,1200,left side,,Abnormal Gait,abnormal,"{'top': 3.857142857142857, 'left': 269.8571428571429, 'height': 692.1428571428571, 'width': 352.57142857142856}","{'height': 720, 'width': 1280, 'mime_type': 'video/mp4'}",Q98WKpwIpkE,https://www.youtube.com/watch?v=Q98WKpwIpkE
cljaqz2zx00b33n6lrn4zn4tq,1201,left side,,Abnormal Gait,abnormal,"{'top': 3.428571428571429, 'left': 262.0952380952381, 'height': 690.9047619047619, 'width': 351.28571428571433}","{'height': 720, 'width': 1280, 'mime_type': 'video/mp4'}",Q98WKpwIpkE,https://www.youtube.com/watch?v=Q98WKpwIpkE
cljaqz2zx00b33n6lrn4zn4tq,1202,left side,,Abnormal Gait,abnormal,"{'top': 3.0, 'left': 254.33333333333334, 'height': 689.6666666666666, 'width': 350.0}","{'height': 720, 'width': 1280, 'mime_type': 'video/mp4'}",Q98WKpwIpkE,https://www.youtube.com/watch?v=Q98WKpwIpkE
cljaqz2zx00b33n6lrn4zn4tq,1203,left side,,Abnormal Gait,abnormal,"{'top': 2.571428571428571, 'left': 246.57142857142856, 'height': 688.4285714285714, 'width': 348.71428571428567}","{'height': 720, 'width': 1280, 'mime_type': 'video/mp4'}",Q98WKpwIpkE,https://www.youtube.com/watch?v=Q98WKpwIpkE
cljaqz2zx00b33n6lrn4zn4tq,1204,left side,,Abnormal Gait,abnormal,"{'top': 2.1428571428571432, 'left': 238.8095238095238, 'height': 687.1904761904763, 'width': 347.4285714285714}","{'height': 720, 'width': 1280, 'mime_type': 'video/mp4'}",Q98WKpwIpkE,https://www.youtube.com/watch?v=Q98WKpwIpkE
cljaqz2zx00b33n6lrn4zn4tq,1205,left side,,Abnormal Gait,abnormal,"{'top': 1.714285714285714, 'left': 231.04761904761904, 'height': 685.952380952381, 'width': 346.1428571428571}","{'height': 720, 'width': 1280, 'mime_type': 'video/mp4'}",Q98WKpwIpkE,https://www.youtube.com/watch?v=Q98WKpwIpkE
cljaqz2zx00b33n6lrn4zn4tq,1206,left side,,Abnormal Gait,abnormal,"{'top': 1.285714285714286, 'left': 223.2857142857143, 'height': 684.7142857142857, 'width': 344.8571428571428}","{'height': 720, 'width': 1280, 'mime_type': 'video/mp4'}",Q98WKpwIpkE,https://www.youtube.com/watch?v=Q98WKpwIpkE
cljaqz2zx00b33n6lrn4zn4tq,1207,left side,,Abnormal Gait,abnormal,"{'top': 0.8571428571428571, 'left': 215.52380952380952, 'height': 683.4761904761905, 'width': 343.57142857142856}","{'height': 720, 'width': 1280, 'mime_type': 'video/mp4'}",Q98WKpwIpkE,https://www.youtube.com/watch?v=Q98WKpwIpkE
cljaqz2zx00b33n6lrn4zn4tq,1208,left side,,Abnormal Gait,abnormal,"{'top': 0.42857142857142805, 'left': 207.76190476190476, 'height': 682.2380952380952, 'width': 342.2857142857143}","{'height': 720, 'width': 1280, 'mime_type': 'video/mp4'}",Q98WKpwIpkE,https://www.youtube.com/watch?v=Q98WKpwIpkE
cljaqz2zx00b33n6lrn4zn4tq,1209,left side,,Abnormal Gait,abnormal,"{'top': 0.0, 'left': 200.0, 'height': 681.0, 'width': 341.0}","{'height': 720, 'width': 1280, 'mime_type': 'video/mp4'}",Q98WKpwIpkE,https://www.youtube.com/watch?v=Q98WKpwIpkE
cljaqz2zx00b33n6lrn4zn4tq,1210,left side,,Abnormal Gait,abnormal,"{'top': 0.0, 'left': 186.42857142857142, 'height': 681.0, 'width': 341.0}","{'height': 720, 'width': 1280, 'mime_type': 'video/mp4'}",Q98WKpwIpkE,https://www.youtube.com/watch?v=Q98WKpwIpkE
cljaqz2zx00b33n6lrn4zn4tq,1211,left side,,Abnormal Gait,abnormal,"{'top': 0.0, 'left': 172.85714285714286, 'height': 681.0, 'width': 341.0}","{'height': 720, 'width': 1280, 'mime_type': 'video/mp4'}",Q98WKpwIpkE,https://www.youtube.com/watch?v=Q98WKpwIpkE
cljaqz2zx00b33n6lrn4zn4tq,1212,left side,,Abnormal Gait,abnormal,"{'top': 0.0, 'left': 159.28571428571428, 'height': 681.0, 'width': 341.0}","{'height': 720, 'width': 1280, 'mime_type': 'video/mp4'}",Q98WKpwIpkE,https://www.youtube.com/watch?v=Q98WKpwIpkE
cljaqz2zx00b33n6lrn4zn4tq,1213,left side,,Abnormal Gait,abnormal,"{'top': 0.0, 'left': 145.71428571428572, 'height': 681.0, 'width': 341.0}","{'height': 720, 'width': 1280, 'mime_type': 'video/mp4'}",Q98WKpwIpkE,https://www.youtube.com/watch?v=Q98WKpwIpkE
cljaqz2zx00b33n6lrn4zn4tq,1214,left side,,Abnormal Gait,abnormal,"{'top': 0.0, 'left': 132.14285714285714, 'height': 681.0, 'width': 341.0}","{'height': 720, 'width': 1280, 'mime_type': 'video/mp4'}",Q98WKpwIpkE,https://www.youtube.com/watch?v=Q98WKpwIpkE
cljaqz2zx00b33n6lrn4zn4tq,1215,left side,,Abnormal Gait,abnormal,"{'top': 0.0, 'left': 118.57142857142857, 'height': 681.0, 'width': 341.0}","{'height': 720, 'width': 1280, 'mime_type': 'video/mp4'}",Q98WKpwIpkE,https://www.youtube.com/watch?v=Q98WKpwIpkE
cljaqz2zx00b33n6lrn4zn4tq,1216,left side,,Abnormal Gait,abnormal,"{'top': 0.0, 'left': 105.0, 'height': 681.0, 'width': 341.0}","{'height': 720, 'width': 1280, 'mime_type': 'video/mp4'}",Q98WKpwIpkE,https://www.youtube.com/watch?v=Q98WKpwIpkE
cljaqz2zx00b33n6lrn4zn4tq,1217,left side,,Abnormal Gait,abnormal,"{'top': 3.0, 'left': 93.0, 'height': 681.0, 'width': 341.0}","{'height': 720, 'width': 1280, 'mime_type': 'video/mp4'}",Q98WKpwIpkE,https://www.youtube.com/watch?v=Q98WKpwIpkE
cljaqz2zx00b33n6lrn4zn4tq,1218,left side,,Abnormal Gait,abnormal,"{'top': 6.0, 'left': 81.0, 'height': 681.0, 'width': 341.0}","{'height': 720, 'width': 1280, 'mime_type': 'video/mp4'}",Q98WKpwIpkE,https://www.youtube.com/watch?v=Q98WKpwIpkE
